სახელი,გვარი,სქესი,დაბადების თარიღი,საცხოვრებელი ადგილი,რეგიონიდან,რანგი,ბატალიონი,გარდაცვალების ადგილი,გარდაცვალების ადგილი,შემთხვევის ტიპი,სიკვდილის მიზეზი,გარდაცვალების თარიღი,ასაკი
 ვასილ,ყულჯანიშვილი,მამრობითი,8/8/1994,რუსთავი,ქვემო ქართლი,პირველი კლასის რიგითი,43-ე,ავღანეთი,პარვანი,საბრძოლო,საბრძოლო თავდასხმა,9/23/2015,21
გიორგი,ადამოვი,მამრობითი,5/23/1990,გორი,შიდა ქართლი,კაპრალი,42-ე,ავღანეთი,ჰელმანდი,საბრძოლო,თვითმკვლელი ტერორისტი,6/6/2013,23
ზურაბ,გურგენაშვილი,მამრობითი,9/2/1980,გორი,შიდა ქართლი,რიგითი,42-ე,ავღანეთი,ჰელმანდი,საბრძოლო,თვითმკვლელი ტერორისტი,6/6/2013,32
მიხეილ,ნარინდოშვილი,მამრობითი,12/25/1986,რუსთავი,ქვემო ქართლი,რიგითი,42-ე,ავღანეთი,ჰელმანდი,საბრძოლო,თვითმკვლელი ტერორისტი,6/6/2013,26
თეიმურაზ,ორთავიძე,მამრობითი,1/7/1988,ყვარელი,კახეთი,კაპრალი,42-ე,ავღანეთი,ჰელმანდი,საბრძოლო,თვითმკვლელი ტერორისტი,6/6/2013,25
ზვიად,სულხანიშვილი,მამრობითი,10/22/1990,მცხეთა,მცხეთა-მთიანეთი,პირველი კლასის რგირთი,42-ე,ავღანეთი,ჰელმანდი,საბრძოლო,თვითმკვლელი ტერორისტი,6/6/2013,22
გიორგი,ღუჭაშვილი,მამრობითი,12/10/1991,გარდაბანი,ქვემო ქართლი,პირველი კლასის რგირთი,42-ე,ავღანეთი,ჰელმანდი,საბრძოლო,თვითმკვლელი ტერორისტი,6/6/2013,21
ბორის,ჩუგოშვილი,მამრობითი,5/12/1984,გორი,შიდა ქართლი,პირველი კლასის რიგითი,42-ე,ავღანეთი,ჰელმანდი,საბრძოლო,თვითმკვლელი ტერორისტი,6/6/2013,29
ზვიად,დავითაძე,მამრობითი,11/22/1979,სამტრედია,იმერეთი,უმცროსი სერჟანტი,42-ე,ავღანეთი,ჰელმანდი,საბრძოლო,თვითმკვლელი ტერორისტი,5/13/2013,33
ალექსანდრე,კვიწინაძე,მამრობითი,12/17/1986,გორი,შიდა ქართლი,კაპრალი,42-ე,ავღანეთი,ჰელმანდი,საბრძოლო,თვითმკვლელი ტერორისტი,5/13/2013,26
ვლადიმერ,შანავა,მამრობითი,4/1/1989,წალენჯიხა,სამეგრელო-ზემო სვანეთი,კაპრალი,42-ე,ავღანეთი,ჰელმანდი,საბრძოლო,თვითმკვლელი ტერორისტი,5/13/2013,24
გიორგი,კიკაძე,მამრობითი,1/16/1988,რუსთავი,ქვემო ქართლი,სერჟანტი,"მე-2 ბრიგადა, არტილერია",ავღანეთი,ჰელმანდი,საბრძოლო,საბრძოლო თავდასხმა,12/30/2012,24
მინდია,აბაშიძე,მამრობითი,10/27/1989,ხელვაჩაური,აჭარა,კაპრალი,32-ე,ავღანეთი,ჰელმანდი,საბრძოლო,საბრძოლო თავდასხმა,10/10/2012,22
გივი,ფანცულაია,მამრობითი,8/29/1984,სენაკი,სამეგრელო-ზემო სვანეთი,კაპრალი,31-ე,ავღანეთი,ჰელმანდი,საბრძოლო,საბრძოლო თავდასხმა,7/29/2012,27
ვალერიან,ხუჯაძე,მამრობითი,8/19/1976,ჩაქვი,აჭარა,სერჟანტი,31-ე,ავღანეთი,ჰელმანდი,საბრძოლო,ნაღმზე აფეთქება,4/24/2012,35
ვალიკო,ბერაია,მამრობითი,6/17/1987,ზუგდიდი,სამეგრელო-ზემო სვანეთი,კაპრალი,31-ე,ავღანეთი,ჰელმანდი,საბრძოლო,ნაღმზე აფეთქება,2/21/2012,24
პაატა,კაჭარავა,მამრობითი,7/29/1975,აბაშა,სამეგრელო-ზემო სვანეთი,კაპრალი,31-ე,ავღანეთი,ჰელმანდი,საბრძოლო,ნაღმზე აფეთქება,2/21/2012,36
რუსლან,მელაძე,მამრობითი,9/20/1991,ხულო,აჭარა,კაპრალი,31-ე,ავღანეთი,ჰელმანდი,საბრძოლო,ნაღმზე აფეთქება,2/21/2012,20
შალვა,ფაილოძე,მამრობითი,10/2/1988,მარტვილი,სამეგრელო-ზემო სვანეთი,კაპრალი,31-ე,ავღანეთი,ჰელმანდი,საბრძოლო,საბრძოლო თავდასხმა,1/6/2012,23
ბესიკ,ნინიაშვილი,მამრობითი,10/2/1988,ადიგენი,სამცხე-ჯავახეთი,კაპრალი,31-ე,ავღანეთი,ჰელმანდი,საბრძოლო,საბრძოლო თავდასხმა,12/30/2011,23
რეზო,ბერიძე,მამრობითი,10/16/1979,ქედა,აჭარა,სერჟანტი,33-ე,ავღანეთი,ჰელმანდი,საბრძოლო,საბრძოლო თავდასხმა,9/1/2011,31
გია,გოგუაძე,მამრობითი,10/4/1990,ოზურგეთი,გურია,რიგითი,33-ე,ავღანეთი,ჰელმანდი,საბრძოლო,საბრძოლო თავდასხმა,6/20/2011,20
ლავროსი,ივანიაძე,მამრობითი,12/8/1985,ვანი,იმერეთი,უმცროსი სერჟანტი,33-ე,ავღანეთი,ჰელმანდი,საბრძოლო,ნაღმზე აფეთქება,5/24/2011,25
ვალერი,ვერსკიანი,მამრობითი,11/13/1979,სვანეთი,სამეგრელო-ზემო სვანეთი,კაპრალი,32-ე,ავღანეთი,ჰელმანდი,საბრძოლო,ნაღმზე აფეთქება,3/14/2011,31
გიორგი,ავალიანი,მამრობითი,4/4/1981,ვანი,იმერეთი,კაპრალი,32-ე,ავღანეთი,ჰელმანდი,საბრძოლო,ნაღმზე აფეთქება,2/22/2011,29
რამაზ,გოგიაშვილი,მამრობითი,1/15/1967,კასპი,შიდა ქართლი,პოლკოვნიკი,31-ე,ავღანეთი,ჰელმანდი,საბრძოლო,ნაღმზე აფეთქება,9/30/2010,43
ნუგზარ,კალანდაძე,მამრობითი,7/27/1989,ხარაგაული,იმერეთი,კაპრალი,31-ე,ავღანეთი,ჰელმანდი,საბრძოლო,ნაღმზე აფეთქება,9/30/2010,21
გიორგი,კოლხიტაშვილი,მამრობითი,3/3/1989,გორი,შიდა ქართლი,კაპრალი,31-ე,ავღანეთი,ჰელმანდი,საბრძოლო,ნაღმზე აფეთქება,9/30/2010,21
დავით,ცეცხლაძე,მამრობითი,9/7/1975,თბილისი,თბილისი,სერჟანტი,31-ე,ავღანეთი,ჰელმანდი,საბრძოლო,ნაღმზე აფეთქება,9/30/2010,35
მუხრან,შუკვანი,მამრობითი,1/31/1984,მესტია,სამეგრელო-ზემო სვანეთი,უფროსი ლეიტენანტი,31-ე,ავღანეთი,ჰელმანდი,საბრძოლო,ნაღმზე აფეთქება,9/5/2010,26
ირაკლი,კორძაია,მამრობითი,6/13/1980,რუსთავი,ქვემო ქართლი,სერჟანტი,მე-13,ერაყი,დიალა,საბრძოლო,ნაღმზე აფეთქება,6/4/2008,27
ზურაბ,გვენეტაძე,მამრობითი,1/10/1987,თბილისი,თბილისი,კაპრალი,მე-13,ერაყი,დიალა,საბრძოლო,ნაღმზე აფეთქება,5/2/2008,21
გიორგი,მარგიევი,მამრობითი,12/15/1981,,,ლეიტენანტი,მე-13,ერაყი,დიალა,საბრძოლო,ნაღმზე აფეთქება,5/2/2008,26
ჯამბულ,მგელაძე,მამრობითი,3/30/1983,ქობულეთი,აჭარა,კაპრალი,33-ე,ერაყი,ვასიტი,არასაბრძოლო,ავტოსაგზაო შემთხვევა,12/21/2007,24
ზურაბ,ჩიღოშვილი,მამრობითი,11/15/1986,ახალგორი,მცხეთა-მთიანეთი,კაპრალი,"მე-3 ბრიგადა, ლოჯისტიკა",ერაყი,ვასიტი,არასაბრძოლო,თვითმკვლელობა,9/30/2007,20
