﻿First Name,Last Name,Gender,Date of Birth,Place From,Region From,Rank,Battalion Served With,Theater,Place Where Died,Incident Type,Cause of Death,Date of Death,Age
Giorgi,Adamov,Male,5/23/1990,Gori,Shida Kartli,Corporal,42nd,Afghanistan,Helmand,Hostile,Suicide Bomber,2013-06-06,23
Boris,Chugoshvili,Male,5/12/1984,Gori,Shida Kartli,Private 1st Class,42nd,Afghanistan,Helmand,Hostile,Suicide Bomber,2013-06-06,29
Giorgi,Ghuchashvili,Male,12/10/1991,Gardabani,Kvemo Kartli,Private 1st Class,42nd,Afghanistan,Helmand,Hostile,Suicide Bomber,2013-06-06,21
Zurab,Gurgenashvili,Male,9/2/1980,Gori,Shida Kartli,Private,42nd,Afghanistan,Helmand,Hostile,Suicide Bomber,2013-06-06,32
Mikheil,Narindoshvili,Male,12/25/1986,Rustavi,Kvemo Kartli,Private,42nd,Afghanistan,Helmand,Hostile,Suicide Bomber,2013-06-06,26
Teimuraz,Ortavidze,Male,1/7/1988,Kvareli,Kakheti,Corporal,42nd,Afghanistan,Helmand,Hostile,Suicide Bomber,2013-06-06,25
Zviad,Sulkhanishvili,Male,10/22/1990,Mtskheta,Mtskheta-Mtianeti,Private 1st Class,42nd,Afghanistan,Helmand,Hostile,Suicide Bomber,2013-06-06,22
Zviad,Davitadze,Male,11/22/1979,Samtredia,Imereti,Junior Sergeant,42nd,Afghanistan,Helmand,Hostile,Suicide Bomber,2013-05-13,33
Alexander,Kvitsinadze,Male,12/17/1986,Gori,Shida Kartli,Corporal,42nd,Afghanistan,Helmand,Hostile,Suicide Bomber,2013-05-13,26
Vladimir,Shanava,Male,4/1/1989,Tsalenjikha,Samegrelo-Zemo Svaneti,Corporal,42nd,Afghanistan,Helmand,Hostile,Suicide Bomber,2013-05-13,24
Giorgi,Kikadze,Male,1/16/1988,Rustavi,Kvemo Kartli,Sergeant,"2nd Brigade, Artillery",Afghanistan,Helmand,Hostile,Hostile Fire,2012-12-30,24
Mindia,Abashidze,Male,10/27/1989,Khelvachauri,Adjara,Corporal,32nd,Afghanistan,Helmand,Hostile,Hostile Fire,2012-10-10,22
Givi,Pantsulaia,Male,8/29/1984,Senaki,Samegrelo-Zemo Svaneti,Corporal,31st,Afghanistan,Helmand,Hostile,Hostile Fire,2012-07-29,27
Valerian,Khujadze,Male,8/19/1976,Chakvi,Adjara,Sergeant,31st,Afghanistan,Helmand,Hostile,IED Attack,2012-04-24,35
Valiko,Beraia,Male,6/17/1987,Zugdidi,Samegrelo-Zemo Svaneti,Corporal,31st,Afghanistan,Helmand,Hostile,IED Attack,2012-02-21,24
Paata,Kacharava,Male,7/29/1975,Abasha,Samegrelo-Zemo Svaneti,Corporal,31st,Afghanistan,Helmand,Hostile,IED Attack,2012-02-21,36
Ruslan,Meladze,Male,9/20/1991,Khulo,Adjara,Corporal,31st,Afghanistan,Helmand,Hostile,IED Attack,2012-02-21,20
Shalva,Pailodze,Male,10/2/1988,Martvili,Samegrelo-Zemo Svaneti,Corporal,31st,Afghanistan,Helmand,Hostile,Hostile Fire,2012-01-06,23
Besik,Niniashvili,Male,10/2/1988,Adigeni,Samtskhe-Javakheti,Corporal,31st,Afghanistan,Helmand,Hostile,Hostile Fire,2011-12-30,23
Rezo,Beridze,Male,10/16/1979,Qeda,Adjara,Sergeant,33rd,Afghanistan,Helmand,Hostile,Hostile Fire,2011-09-01,31
Gia,Goguadze,Male,10/4/1990,Ozurgeti,Guria,Private,33rd,Afghanistan,Helmand,Hostile,Hostile Fire,2011-06-20,20
Lavrosi,Ivaniadze,Male,12/8/1985,Vani,Imereti,Junior Sergeant,33rd,Afghanistan,Helmand,Hostile,IED Attack,2011-05-24,25
Valeri,Verskiani,Male,11/13/1979,Svaneti,Samegrelo-Zemo Svaneti,Corporal,32nd,Afghanistan,Helmand,Hostile,IED Attack,2011-03-14,31
Giorgi,Avaliani,Male,4/4/1981,Vani,Imereti,Corporal,32nd,Afghanistan,Helmand,Hostile,IED Attack,2011-02-22,29
Ramaz,Gogiashvili,Male,1/15/1967,Kaspi,Shida Kartli,Colonel,31st,Afghanistan,Helmand,Hostile,IED Attack,2010-09-30,43
Nugzar,Kalandadze,Male,7/27/1989,Kharagauli,Imereti,Corporal,31st,Afghanistan,Helmand,Hostile,IED Attack,2010-09-30,21
Giorgi,Kolkhitashvili,Male,3/3/1989,Gori,Shida Kartli,Corporal,31st,Afghanistan,Helmand,Hostile,IED Attack,2010-09-30,21
Davit,Tsetskhladze,Male,9/7/1975,Tbiisi,თბილისი,Sergeant,31st,Afghanistan,Helmand,Hostile,IED Attack,2010-09-30,35
Mukhran,Shukvani,Male,1/31/1984,Mestia,Samegrelo-Zemo Svaneti,Chief Lieutenant ,31st,Afghanistan,Helmand,Hostile,IED Attack,2010-09-05,26
Irakli,Kordzaia,Male,6/13/1980,Rustavi,Kvemo Kartli,Sergeant,13rd,Iraq,Diyala Province,Hostile,IED Attack,2008-06-04,27
Zurab,Gvenetadze,Male,1/10/1987,Tbilisi,Tbilisi,Corporal,13rd,Iraq,Diyala Province,Hostile,IED Attack,2008-05-02,21
Giorgi,Margievi,Male,12/15/1981,,,Lieutenant,13rd,Iraq,Diyala Province,Hostile,IED Attack,2008-05-02,26
Jambul,Mgeladze,Male,3/30/1983,Kobuleti,Adjara,Corporal,33rd,Iraq,Al Kut,Non-Hostile,Vehicle Accident,2007-12-21,24
Zurab,Chighoshvili,Male,11/15/1986,Akhalgori,Mtskheta-Mtianeti,Corporal,"3rd Brigade, Logistics",Iraq,Wasit Province,Non-Hostile,Suicide,2007-09-30,20
