სახელი	გვარი	სქესი	დაბადების თარიღი	საცხოვრებელი ადგილი	რეგიონიდან	რანგი	მსახურობდა ბატალიონი	გარდაცვალების ადგილი	გარდაცვალების ადგილი	შემთხვევის ტიპი	სიკვდილის მიზეზი	გარდაცვალების თარიღი	ასაკი
გიორგი	ადამოვი	მამრობითი	5/23/1990	გორი	შიდა ქართლი	სერჟანტი	42-ე	ავღანეთი	ჰელმანდი	საბრძოლო	თვითმკვლელი ტერორისტი	2013-06-06	23
ზურაბ	გურგენაშვილი	მამრობითი	9/2/1980	გორი	შიდა ქართლი	სერჟანტი	42-ე	ავღანეთი	ჰელმანდი	საბრძოლო	თვითმკვლელი ტერორისტი	2013-06-06	32
მიხეილ	ნარინდოშვილი	მამრობითი	12/25/1986	რუსთავი	ქვემო ქართლი	სერჟანტი	42-ე	ავღანეთი	ჰელმანდი	საბრძოლო	თვითმკვლელი ტერორისტი	2013-06-06	26
თეიმურაზ	ორთავიძე	მამრობითი	1/7/1988	ყვარელი	კახეთი	სერჟანტი	42-ე	ავღანეთი	ჰელმანდი	საბრძოლო	თვითმკვლელი ტერორისტი	2013-06-06	25
ზვიად	სულხანიშვილი	მამრობითი	10/22/1990	მცხეთა	მცხეთა-მთიანეთი	უმცროსი სერჟანტი	42-ე	ავღანეთი	ჰელმანდი	საბრძოლო	თვითმკვლელი ტერორისტი	2013-06-06	22
გიორგი	ღუჭაშვილი	მამრობითი	12/10/1991	გარდაბანი	ქვემო ქართლი	უმცროსი სერჟანტი	42-ე	ავღანეთი	ჰელმანდი	საბრძოლო	თვითმკვლელი ტერორისტი	2013-06-06	21
ბორის	ცუგოშვილი	მამრობითი	5/12/1984	გორი	შიდა ქართლი	სერჟანტი	42-ე	ავღანეთი	ჰელმანდი	საბრძოლო	თვითმკვლელი ტერორისტი	2013-06-06	29
ზვიად	დავითაძე	მამრობითი	11/22/1979	სამტრედია	იმერეთი	რიგითი	42-ე	ავღანეთი	ჰელმანდი	საბრძოლო	თვითმკვლელი ტერორისტი	2013-05-13	33
ალექსანდრე	კვიწინაძე	მამრობითი	12/17/1986	გორი	შიდა ქართლი	პოლკოვნიკი	42-ე	ავღანეთი	ჰელმანდი	საბრძოლო	თვითმკვლელი ტერორისტი	2013-05-13	26
ვლადიმერ	შანავა	მამრობითი	4/1/1989	წალენჯიხა	სამეგრელი-ზემო სვანეთი	რიგითი	42-ე	ავღანეთი	ჰელმანდი	საბრძოლო	თვითმკვლელი ტერორისტი	2013-05-13	24
გიორგი	კიკაძე	მამრობითი	1/16/1988	რუსთავი	ქვემო ქართლი	პირველი კლასის რიგითი	მე-2 ბრიგადა, არტილერია	ავღანეთი	ჰელმანდი	საბრძოლო	საბრძლო თავდასხმა	2012-12-30	24
მინდია	აბაშიძე	მამრობითი	10/27/1989	ხელვაჩაური	აჭარა	პირველი კლასის რიგითი	32-ე	ავღანეთი	ჰელმანდი	საბრძოლო	საბრძლო თავდასხმა	2012-10-10	22
გივი	ფანცულაია	მამრობითი	8/29/1984	სენაკი	სამეგრელი-ზემო სვანეთი	პირველი კლასის რიგითი	31-ე	ავღანეთი	ჰელმანდი	საბრძოლო	საბრძლო თავდასხმა	2012-07-29	27
ვალერიან	ხუჯაძე	მამრობითი	8/19/1976	ჩაქვი	აჭარა	პირველი კლასის რიგითი	31-ე	ავღანეთი	ჰელმანდი	საბრძოლო	ნაღმზე აფეთქება	2012-04-24	35
ვალიკო	ბერაია	მამრობითი	6/17/1987	ზუგდიდი	სამეგრელი-ზემო სვანეთი	ლეიტენანტი	31-ე	ავღანეთი	ჰელმანდი	საბრძოლო	ნაღმზე აფეთქება	2012-02-21	24
პაატა	კაჭარავა	მამრობითი	7/29/1975	აბაშა	სამეგრელი-ზემო სვანეთი	კაპრალი	31-ე	ავღანეთი	ჰელმანდი	საბრძოლო	ნაღმზე აფეთქება	2012-02-21	36
რუსლან	მელაძე	მამრობითი	9/20/1991	ხულო	აჭარა	ლეიტენანტი	31-ე	ავღანეთი	ჰელმანდი	საბრძოლო	ნაღმზე აფეთქება	2012-02-21	20
შალვა	ფაილოძე	მამრობითი	10/2/1988	მარტვილი	სამეგრელი-ზემო სვანეთი	კაპრალი	31-ე	ავღანეთი	ჰელმანდი	საბრძოლო	საბრძლო თავდასხმა	2012-01-06	23
ბესიკ	ნინიაშვილი	მამრობითი	10/2/1988	ადიგენი	სამცხე-ჯავახეთი	კაპრალი	31-ე	ავღანეთი	ჰელმანდი	საბრძოლო	საბრძლო თავდასხმა	2011-12-30	23
რეზო	ბერიძე	მამრობითი	10/16/1979	ქედა	აჭარა	კაპრალი	33-ე	ავღანეთი	ჰელმანდი	საბრძოლო	საბრძლო თავდასხმა	2011-09-01	31
გია	გოგუაძე	მამრობითი	10/4/1990	ოზურგეთი	გურია	კაპრალი	33-ე	ავღანეთი	ჰელმანდი	საბრძოლო	საბრძლო თავდასხმა	2011-06-20	20
ლავროსი	ივანიაძე	მამრობითი	12/8/1985	ვანი	იმერეთი	კაპრალი	33-ე	ავღანეთი	ჰელმანდი	საბრძოლო	ნაღმზე აფეთქება	2011-05-24	25
ვალერი	ვერსკიანი	მამრობითი	11/13/1979	სვანეთი	სამეგრელი-ზემო სვანეთი	კაპრალი	32-ე	ავღანეთი	ჰელმანდი	საბრძოლო	ნაღმზე აფეთქება	2011-03-14	31
გიორგი	ავალიანი	მამრობითი	4/4/1981	ვანი	იმერეთი	კაპრალი	32-ე	ავღანეთი	ჰელმანდი	საბრძოლო	ნაღმზე აფეთქება	2011-02-22	29
რამაზ	გოგიაშვილი	მამრობითი	1/15/1967	კასპი	შიდა ქართლი	კაპრალი	31-ე	ავღანეთი	ჰელმანდი	საბრძოლო	ნაღმზე აფეთქება	2010-09-30	43
ნუგზარ	კალანდაძე	მამრობითი	7/27/1989	ხარაგაული	იმერეთი	კაპრალი	31-ე	ავღანეთი	ჰელმანდი	საბრძოლო	ნაღმზე აფეთქება	2010-09-30	21
გიორგი	კოლხიტაშვილი	მამრობითი	3/3/1989	გორი	შიდა ქართლი	კაპრალი	31-ე	ავღანეთი	ჰელმანდი	საბრძოლო	ნაღმზე აფეთქება	2010-09-30	21
დავით	ცეცხლაძე	მამრობითი	9/7/1975	თბილისი	თბილისი	კაპრალი	31-ე	ავღანეთი	ჰელმანდი	საბრძოლო	ნაღმზე აფეთქება	2010-09-30	35
მუხრან	შუკვანი	მამრობითი	1/31/1984	მესტია	სამეგრელი-ზემო სვანეთი	კაპრალი	31-ე	ავღანეთი	ჰელმანდი	საბრძოლო	ნაღმზე აფეთქება	2010-09-05	26
ირაკლი	კორძაია	მამრობითი	6/13/1980	რუსთავი	ქვემო ქართლი	კაპრალი	მე-13	ერაყი	დიალა	საბრძოლო	ნაღმზე აფეთქება	2008-06-04	27
ზურაბ	გვენეტაძე	მამრობითი	1/10/1987	თბილისი	თბილისი	კაპრალი	მე-13	ერაყი	დიალა	საბრძოლო	ნაღმზე აფეთქება	2008-05-02	21
გიორგი	მარგიევი	მამრობითი	12/15/1981			კაპრალი	მე-13	ერაყი	დიალა	საბრძოლო	ნაღმზე აფეთქება	2008-05-02	26
ჯამბულ	მგელაძე	მამრობითი	3/30/1983	ქობულეთი	აჭარა	კაპრალი	33-ე	ერაყი	ვასიტი	არასაბრძოლო	ავტოსაგზაო შემთხვევა	2007-12-21	24
ზურაბ	ჩიღოშვილი	მამრობითი	11/15/1986	ახალგორი	მცხეთა-მთიანეთი	კაპრალი	მე-3 ბრიგადა, ლოჯისტიკა	ერაყი	ვასიტი	არასაბრძოლო	თვითმკვლელობა	2007-09-30	20
